<?xml version="1.0" encoding="utf-8"?>
<GraphicalInterface>
  <P Name="NumRootInports">0</P>
  <P Name="NumRootOutports">0</P>
  <P Name="NumSubsystemReferences">2</P>
  <SubsystemReference>
    <P Name="ReferencedSubsystem">$bdroot/Pomieszczenie|Pomieszczenie</P>
  </SubsystemReference>
  <SubsystemReference>
    <P Name="ReferencedSubsystem">$bdroot/Pomieszczenie1|Pomieszczenie</P>
  </SubsystemReference>
  <P Name="ParameterArgumentNames"/>
  <P Name="NumModelReferences">0</P>
  <P Name="NumTestPointedSignals">0</P>
  <P Name="NumProvidedFunctions">0</P>
  <P Name="NumRequiredFunctions">0</P>
  <P Name="NumResetEvents">0</P>
  <P Name="HasInitializeEvent">0</P>
  <P Name="HasTerminateEvent">0</P>
  <P Name="NumDataStoreReferences">0</P>
  <P Name="PreCompExecutionDomainType">Unset</P>
  <P Name="UseModelRefSolver">0</P>
  <P Name="SolverName">VariableStepAuto</P>
  <P Name="IsExportFunctionModel">0</P>
  <P Name="SimulinkSubDomainType">Simulink</P>
  <P Name="NumParameterArguments">0</P>
  <P Name="NumExternalFileReferences">2</P>
  <ExternalFileReference>
    <P Name="Reference">Pomieszczenie</P>
    <P Name="Path">$bdroot/Pomieszczenie</P>
    <P Name="SID">65</P>
    <P Name="Type">SUBSYSTEM_REFERENCE_BLOCK</P>
  </ExternalFileReference>
  <ExternalFileReference>
    <P Name="Reference">Pomieszczenie</P>
    <P Name="Path">$bdroot/Pomieszczenie1</P>
    <P Name="SID">180</P>
    <P Name="Type">SUBSYSTEM_REFERENCE_BLOCK</P>
  </ExternalFileReference>
  <P Name="OrderedModelArguments">1</P>
</GraphicalInterface>
