<?xml version="1.0" encoding="UTF-8"?>
<sltp_graph version="1.1" packageUris="http://schema.mathworks.com/mf0/sltp_mm/R2023a_202209151115">
  <sltp.mm.core.Context type="sltp.mm.core.Context" uuid="9163d92d-0590-41fc-b13d-3bf36253804b">
    <priorityDirection>HighNumberLast</priorityDirection>
    <defaultEventBehavior type="sltp.mm.core.EventBehavior" uuid="20acfb17-c6b5-4a78-9c36-261814a06c6d"/>
    <editorState type="sltp.mm.core.EditorState" uuid="ef1cfea2-484a-420d-ae76-3d2ab30b0402">
      <isSynchronized>true</isSynchronized>
      <panelState type="sltp.mm.core.EditorPanelState" uuid="0bb34eb9-3f07-403c-a299-ffd7020be893"/>
    </editorState>
    <rootTask type="sltp.mm.core.Task" uuid="59365742-cebd-49a8-88f4-2a1a60c73799">
      <context type="sltp.mm.core.Context" uuid="9163d92d-0590-41fc-b13d-3bf36253804b"/>
      <explicit>false</explicit>
      <name>Default</name>
      <priority>-2147483648</priority>
      <subgraph type="sltp.mm.core.Graph" uuid="8211f6f3-6456-4fdd-9fdd-6db8c05fb759">
        <tasks type="sltp.mm.core.Task" uuid="d7722427-85c2-43ce-8059-6b73d68c76ba">
          <baseTask>true</baseTask>
          <context type="sltp.mm.core.Context" uuid="9163d92d-0590-41fc-b13d-3bf36253804b"/>
          <explicit>false</explicit>
          <id>1</id>
          <isTimed>true</isTimed>
          <name>Cont</name>
          <priority>40</priority>
          <rates type="sltp.mm.core.Rate" uuid="1fd61b13-d4e9-4446-b8ce-ec770ca44348">
            <annotation>Cont</annotation>
            <color>255</color>
            <hasBlocks>true</hasBlocks>
            <identifier>Continuous00</identifier>
            <rateIndex>0</rateIndex>
            <rateSpec type="sltp.mm.core.RateSpec">
              <period>0.0</period>
            </rateSpec>
            <sti>0</sti>
          </rates>
          <rates type="sltp.mm.core.Rate" uuid="7c26ed49-6ae8-4614-adfe-9f2d07d2e106">
            <annotation>D1</annotation>
            <color>-12240129</color>
            <hasBlocks>true</hasBlocks>
            <rateIndex>1</rateIndex>
            <rateSpec type="sltp.mm.core.RateSpec">
              <period>.1</period>
            </rateSpec>
            <sti>1</sti>
          </rates>
        </tasks>
      </subgraph>
    </rootTask>
  </sltp.mm.core.Context>
</sltp_graph>