<?xml version="1.0" encoding="utf-8"?>
<System>
  <P Name="Location">[70, 27, 1920, 1080]</P>
  <P Name="Open">on</P>
  <P Name="ZoomFactor">80</P>
  <P Name="ReportName">simulink-default.rpt</P>
  <P Name="SIDHighWatermark">196</P>
  <Block BlockType="Constant" Name="Constant" SID="132">
    <P Name="Position">[1480, -120, 1510, -90]</P>
    <P Name="ZOrder">257</P>
    <P Name="BlockMirror">on</P>
    <P Name="NameLocation">top</P>
    <P Name="Value">0.5</P>
  </Block>
  <Block BlockType="From" Name="From" SID="176">
    <P Name="Position">[1805, 79, 1930, 111]</P>
    <P Name="ZOrder">293</P>
    <P Name="BlockMirror">on</P>
    <P Name="NameLocation">top</P>
    <P Name="GotoTag">fmw</P>
  </Block>
  <Block BlockType="Goto" Name="Goto" SID="175">
    <P Name="Position">[785, -143, 905, -107]</P>
    <P Name="ZOrder">292</P>
    <P Name="GotoTag">fmw</P>
  </Block>
  <Block BlockType="Goto" Name="Goto1" SID="188">
    <P Name="Position">[1805, 24, 1930, 56]</P>
    <P Name="ZOrder">299</P>
    <P Name="GotoTag">Top</P>
  </Block>
  <Block BlockType="Goto" Name="Goto2" SID="190">
    <P Name="Position">[1840, -394, 1985, -366]</P>
    <P Name="ZOrder">301</P>
    <P Name="GotoTag">Top1</P>
  </Block>
  <Block BlockType="Sum" Name="MIeszalnik wypływu" SID="129">
    <PortCounts in="2" out="1"/>
    <P Name="Position">[1355, -200, 1395, -160]</P>
    <P Name="ZOrder">254</P>
    <P Name="BlockRotation">270</P>
    <P Name="BlockMirror">on</P>
    <P Name="NameLocation">left</P>
    <P Name="Inputs">|++</P>
  </Block>
  <Block BlockType="Goto" Name="Pomiar Twew_2" SID="154">
    <P Name="Position">[1720, -232, 1855, -208]</P>
    <P Name="ZOrder">272</P>
    <P Name="NameLocation">top</P>
    <P Name="GotoTag">Twew2</P>
  </Block>
  <Block BlockType="From" Name="Pomiar Twew_2 (odb)1" SID="165">
    <P Name="Position">[1895, -314, 1990, -266]</P>
    <P Name="ZOrder">283</P>
    <P Name="GotoTag">Twew2</P>
  </Block>
  <Block BlockType="From" Name="Pomiar Twew_2 (odb)2" SID="189">
    <P Name="Position">[1895, -234, 1990, -186]</P>
    <P Name="ZOrder">300</P>
    <P Name="GotoTag">Top</P>
  </Block>
  <Block BlockType="From" Name="Pomiar Twew_2 (odb)3" SID="191">
    <P Name="Position">[1895, -154, 1990, -106]</P>
    <P Name="ZOrder">302</P>
    <P Name="GotoTag">Top1</P>
  </Block>
  <Block BlockType="From" Name="Pomiar Twew_2 (odb)4" SID="194">
    <P Name="Position">[1895, -74, 1990, -26]</P>
    <P Name="ZOrder">305</P>
    <P Name="GotoTag">Top2</P>
  </Block>
  <Block BlockType="From" Name="Pomiar Tzew (odb)" SID="169">
    <P Name="Position">[1715, -192, 1855, -168]</P>
    <P Name="ZOrder">287</P>
    <P Name="BlockMirror">on</P>
    <P Name="GotoTag">Tzew</P>
  </Block>
  <Block BlockType="From" Name="Pomiar Tzew (odb)1" SID="170">
    <P Name="Position">[1840, -447, 1985, -423]</P>
    <P Name="ZOrder">288</P>
    <P Name="BlockMirror">on</P>
    <P Name="GotoTag">Tzew</P>
  </Block>
  <Block BlockType="SubSystem" Name="Pomieszczenie" SID="65">
    <PortCounts in="2" out="2"/>
    <P Name="Position">[1470, -497, 1590, -413]</P>
    <P Name="ZOrder">44</P>
    <P Name="ContentPreviewEnabled">on</P>
    <P Name="ReferencedSubsystem">Pomieszczenie</P>
    <P Name="PortSchema">{&quot;entries&quot;:[{&quot;content&quot;:{&quot;sides&quot;:[{&quot;content&quot;:{&quot;connectorIds&quot;:[&quot;In1&quot;,&quot;Out1&quot;]},&quot;type&quot;:&quot;ConnectorPlacement.EquallySpacedRectSide&quot;,&quot;uuid&quot;:&quot;8531bf00-72e2-4413-af12-728660d5b7ed&quot;},{&quot;content&quot;:{&quot;connectorIds&quot;:[&quot;Out2&quot;,&quot;In2&quot;],&quot;side&quot;:&quot;RIGHT&quot;},&quot;type&quot;:&quot;ConnectorPlacement.EquallySpacedRectSide&quot;,&quot;uuid&quot;:&quot;61dc3c29-eecf-49ab-a3f8-5b1de1949346&quot;},{&quot;content&quot;:{&quot;side&quot;:&quot;TOP&quot;},&quot;type&quot;:&quot;ConnectorPlacement.EquallySpacedRectSide&quot;,&quot;uuid&quot;:&quot;a446f5ea-277a-4598-bae9-2c6de6a131a4&quot;}]},&quot;type&quot;:&quot;ConnectorPlacement.EquallySpacedConnector&quot;,&quot;uuid&quot;:&quot;c2b24185-542a-4b15-89a0-a367decd74d0&quot;}],&quot;packageUris&quot;:[&quot;http://schema.mathworks.com/mf0/Connector/R2020b&quot;],&quot;version&quot;:&quot;1.0&quot;}</P>
  </Block>
  <Block BlockType="SubSystem" Name="Pomieszczenie1" SID="180">
    <PortCounts in="2" out="2"/>
    <P Name="Position">[1470, -242, 1590, -158]</P>
    <P Name="ZOrder">297</P>
    <P Name="ContentPreviewEnabled">on</P>
    <P Name="ReferencedSubsystem">Pomieszczenie</P>
    <P Name="PortSchema">{&quot;entries&quot;:[{&quot;content&quot;:{&quot;sides&quot;:[{&quot;content&quot;:{&quot;connectorIds&quot;:[&quot;In1&quot;,&quot;Out1&quot;]},&quot;type&quot;:&quot;ConnectorPlacement.EquallySpacedRectSide&quot;,&quot;uuid&quot;:&quot;8531bf00-72e2-4413-af12-728660d5b7ed&quot;},{&quot;content&quot;:{&quot;connectorIds&quot;:[&quot;Out2&quot;,&quot;In2&quot;],&quot;side&quot;:&quot;RIGHT&quot;},&quot;type&quot;:&quot;ConnectorPlacement.EquallySpacedRectSide&quot;,&quot;uuid&quot;:&quot;61dc3c29-eecf-49ab-a3f8-5b1de1949346&quot;},{&quot;content&quot;:{&quot;side&quot;:&quot;TOP&quot;},&quot;type&quot;:&quot;ConnectorPlacement.EquallySpacedRectSide&quot;,&quot;uuid&quot;:&quot;a446f5ea-277a-4598-bae9-2c6de6a131a4&quot;}]},&quot;type&quot;:&quot;ConnectorPlacement.EquallySpacedConnector&quot;,&quot;uuid&quot;:&quot;c2b24185-542a-4b15-89a0-a367decd74d0&quot;}],&quot;packageUris&quot;:[&quot;http://schema.mathworks.com/mf0/Connector/R2020b&quot;],&quot;version&quot;:&quot;1.0&quot;}</P>
  </Block>
  <Block BlockType="Product" Name="Product" SID="131">
    <PortCounts in="2" out="1"/>
    <P Name="Position">[1367, -80, 1398, -50]</P>
    <P Name="ZOrder">256</P>
    <P Name="BlockRotation">270</P>
    <P Name="BlockMirror">on</P>
    <P Name="NameLocation">left</P>
  </Block>
  <Block BlockType="Scope" Name="Scope" SID="196">
    <PortCounts in="1"/>
    <P Name="Position">[1270, -56, 1300, -24]</P>
    <P Name="ZOrder">307</P>
    <P Name="ScopeSpecificationString">Simulink.scopes.TimeScopeBlockCfg(&apos;CurrentConfiguration&apos;, extmgr.ConfigurationSet(extmgr.Configuration(&apos;Core&apos;,&apos;General UI&apos;,true),extmgr.Configuration(&apos;Core&apos;,&apos;Source UI&apos;,true),extmgr.Configuration(&apos;Sources&apos;,&apos;WiredSimulink&apos;,true),extmgr.Configuration(&apos;Visuals&apos;,&apos;Time Domain&apos;,true,&apos;SerializedDisplays&apos;,{struct(&apos;MinYLimReal&apos;,&apos;139.0006&apos;,&apos;MaxYLimReal&apos;,&apos;148.99456&apos;,&apos;YLabelReal&apos;,&apos;&apos;,&apos;MinYLimMag&apos;,&apos;139.0006&apos;,&apos;MaxYLimMag&apos;,&apos;148.99456&apos;,&apos;LegendVisibility&apos;,&apos;off&apos;,&apos;XGrid&apos;,true,&apos;YGrid&apos;,true,&apos;PlotMagPhase&apos;,false,&apos;AxesColor&apos;,[0 0 0],&apos;AxesTickColor&apos;,[0.686274509803922 0.686274509803922 0.686274509803922],&apos;ColorOrder&apos;,[1 1 0.0666666666666667;0.0745098039215686 0.623529411764706 1;1 0.411764705882353 0.16078431372549;0.392156862745098 0.831372549019608 0.0745098039215686;0.717647058823529 0.274509803921569 1;0.0588235294117647 1 1;1 0.0745098039215686 0.650980392156863],&apos;Title&apos;,&apos;%&lt;SignalLabel&gt;&apos;,&apos;LinePropertiesCache&apos;,{{}},&apos;UserDefinedChannelNames&apos;,{{}},&apos;NumLines&apos;,1,&apos;LineNames&apos;,{{&apos;MIeszalnik wypływu&apos;}},&apos;ShowContent&apos;,true,&apos;Placement&apos;,1)},&apos;DisplayPropertyDefaults&apos;,struct(&apos;MinYLimReal&apos;,&apos;139.0006&apos;,&apos;MaxYLimReal&apos;,&apos;148.99456&apos;,&apos;YLabelReal&apos;,&apos;&apos;,&apos;MinYLimMag&apos;,&apos;139.0006&apos;,&apos;MaxYLimMag&apos;,&apos;148.99456&apos;,&apos;LegendVisibility&apos;,&apos;off&apos;,&apos;XGrid&apos;,true,&apos;YGrid&apos;,true,&apos;PlotMagPhase&apos;,false,&apos;AxesColor&apos;,[0 0 0],&apos;AxesTickColor&apos;,[0.686274509803922 0.686274509803922 0.686274509803922],&apos;ColorOrder&apos;,[0.0745098039215686 0.623529411764706 1;1 0.411764705882353 0.16078431372549;1 1 0.0666666666666667;0.717647058823529 0.274509803921569 1;0.392156862745098 0.831372549019608 0.0745098039215686;0.0588235294117647 1 1;1 0.0745098039215686 0.650980392156863])),extmgr.Configuration(&apos;Tools&apos;,&apos;Plot Navigation&apos;,true),extmgr.Configuration(&apos;Tools&apos;,&apos;Measurements&apos;,true,&apos;Version&apos;,&apos;2023b&apos;)),&apos;Version&apos;,&apos;2023b&apos;,&apos;Position&apos;,[680 330 1042 420])</P>
    <P Name="NumInputPorts">1</P>
    <P Name="Floating">off</P>
  </Block>
  <Block BlockType="Step" Name="Step1" SID="179">
    <P Name="Position">[650, -150, 690, -100]</P>
    <P Name="ZOrder">296</P>
    <P Name="Time">t_fmw</P>
    <P Name="Before">f_mw0</P>
    <P Name="After">fmw</P>
    <P Name="SampleTime">0</P>
  </Block>
  <Block BlockType="Goto" Name="Temperatura medium z ciepłowni" SID="161">
    <P Name="Position">[785, -328, 905, -292]</P>
    <P Name="ZOrder">279</P>
    <P Name="GotoTag">Twz</P>
  </Block>
  <Block BlockType="From" Name="Temperatura medium z ciepłowni (odb)" SID="163">
    <P Name="Position">[680, 49, 770, 71]</P>
    <P Name="ZOrder">281</P>
    <P Name="NameLocation">top</P>
    <P Name="GotoTag">Twz</P>
  </Block>
  <Block BlockType="ToWorkspace" Name="Temperatura wewnetrzna, pomieszczenie 2" SID="136">
    <PortCounts in="1"/>
    <P Name="Position">[2120, -305, 2210, -275]</P>
    <P Name="ZOrder">261</P>
    <P Name="VariableName">Twew1</P>
    <P Name="MaxDataPoints">inf</P>
    <P Name="Save2DSignal">2-D array (concatenate along first dimension)</P>
    <P Name="FixptAsFi">on</P>
    <P Name="SampleTime">-1</P>
  </Block>
  <Block BlockType="ToWorkspace" Name="Temperatura wody pomieszczenie-wymiennik" SID="187">
    <PortCounts in="1"/>
    <P Name="Position">[2120, -225, 2210, -195]</P>
    <P Name="ZOrder">298</P>
    <P Name="VariableName">Top</P>
    <P Name="MaxDataPoints">inf</P>
    <P Name="Save2DSignal">2-D array (concatenate along first dimension)</P>
    <P Name="FixptAsFi">on</P>
    <P Name="SampleTime">-1</P>
  </Block>
  <Block BlockType="ToWorkspace" Name="Temperatura wody pomieszczenie-wymiennik1" SID="193">
    <PortCounts in="1"/>
    <P Name="Position">[2120, -145, 2210, -115]</P>
    <P Name="ZOrder">304</P>
    <P Name="VariableName">Top1</P>
    <P Name="MaxDataPoints">inf</P>
    <P Name="SaveFormat">Timeseries</P>
    <P Name="FixptAsFi">on</P>
    <P Name="SampleTime">-1</P>
  </Block>
  <Block BlockType="ToWorkspace" Name="Temperatura wody pomieszczenie-wymiennik2" SID="195">
    <PortCounts in="1"/>
    <P Name="Position">[2120, -65, 2210, -35]</P>
    <P Name="ZOrder">306</P>
    <P Name="VariableName">Top2</P>
    <P Name="MaxDataPoints">inf</P>
    <P Name="SaveFormat">Timeseries</P>
    <P Name="FixptAsFi">on</P>
    <P Name="SampleTime">-1</P>
  </Block>
  <Block BlockType="Goto" Name="Temperatura zadana" SID="158">
    <P Name="Position">[785, -423, 905, -387]</P>
    <P Name="ZOrder">276</P>
    <P Name="Commented">on</P>
    <P Name="GotoTag">Twew_zadana</P>
  </Block>
  <Block BlockType="Goto" Name="Temperatura zewnetrzna" SID="167">
    <P Name="Position">[785, -233, 905, -197]</P>
    <P Name="ZOrder">285</P>
    <P Name="GotoTag">Tzew</P>
  </Block>
  <Block BlockType="TransportDelay" Name="Transport&#xA;Delay" SID="127">
    <PortCounts in="1" out="1"/>
    <P Name="Position">[1355, -365, 1395, -325]</P>
    <P Name="ZOrder">252</P>
    <P Name="BlockRotation">270</P>
    <P Name="BlockMirror">on</P>
    <P Name="NameLocation">left</P>
    <P Name="DelayTime">t_op_tr</P>
    <P Name="InitialOutput">T_gp0</P>
  </Block>
  <Block BlockType="TransportDelay" Name="Transport&#xA;Delay1" SID="128">
    <PortCounts in="1" out="1"/>
    <P Name="Position">[1365, 0, 1405, 40]</P>
    <P Name="ZOrder">253</P>
    <P Name="BlockRotation">270</P>
    <P Name="BlockMirror">on</P>
    <P Name="NameLocation">left</P>
    <P Name="DelayTime">t_op_tr</P>
    <P Name="InitialOutput">T_gp0</P>
  </Block>
  <Block BlockType="TransportDelay" Name="Transport&#xA;Delay2" SID="133">
    <PortCounts in="1" out="1"/>
    <P Name="Position">[1145, -365, 1185, -325]</P>
    <P Name="ZOrder">258</P>
    <P Name="BlockRotation">270</P>
    <P Name="NameLocation">right</P>
    <P Name="DelayTime">t_op_tr</P>
    <P Name="InitialOutput">T_oz0</P>
  </Block>
  <Block BlockType="TransportDelay" Name="Transport&#xA;Delay3" SID="134">
    <PortCounts in="1" out="1"/>
    <P Name="Position">[1145, -85, 1185, -45]</P>
    <P Name="ZOrder">259</P>
    <P Name="BlockRotation">270</P>
    <P Name="NameLocation">right</P>
    <P Name="DelayTime">t_op_tr</P>
    <P Name="InitialOutput">T_oz0</P>
  </Block>
  <Block BlockType="ToWorkspace" Name="Twew" SID="11">
    <PortCounts in="1"/>
    <P Name="Position">[2015, -490, 2105, -460]</P>
    <P Name="ZOrder">11</P>
    <P Name="VariableName">Twew</P>
    <P Name="MaxDataPoints">inf</P>
    <P Name="Save2DSignal">2-D array (concatenate along first dimension)</P>
    <P Name="FixptAsFi">on</P>
    <P Name="SampleTime">-1</P>
  </Block>
  <Block BlockType="Step" Name="Twew*" SID="157">
    <P Name="Position">[650, -428, 695, -382]</P>
    <P Name="ZOrder">275</P>
    <P Name="Commented">on</P>
    <P Name="SampleTime">0</P>
  </Block>
  <Block BlockType="ToWorkspace" Name="Twp" SID="111">
    <PortCounts in="1"/>
    <P Name="Position">[530, 80, 620, 110]</P>
    <P Name="ZOrder">243</P>
    <P Name="BlockMirror">on</P>
    <P Name="NameLocation">top</P>
    <P Name="VariableName">Twp</P>
    <P Name="MaxDataPoints">inf</P>
    <P Name="Save2DSignal">2-D array (concatenate along first dimension)</P>
    <P Name="FixptAsFi">on</P>
    <P Name="SampleTime">-1</P>
  </Block>
  <Block BlockType="Step" Name="Twz" SID="160">
    <P Name="Position">[650, -338, 695, -282]</P>
    <P Name="ZOrder">278</P>
    <P Name="Time">t_Twz</P>
    <P Name="Before">T_wz</P>
    <P Name="After">T_wz</P>
    <P Name="SampleTime">0</P>
  </Block>
  <Block BlockType="Step" Name="Tzew" SID="166">
    <P Name="Position">[650, -243, 695, -187]</P>
    <P Name="ZOrder">284</P>
    <P Name="Time">t_Tzew</P>
    <P Name="Before">T_zew0</P>
    <P Name="After">T_zew</P>
    <P Name="SampleTime">0</P>
  </Block>
  <Block BlockType="SubSystem" Name="Wymiennik ciepla" SID="118">
    <PortCounts in="3" out="2"/>
    <P Name="Position">[1020, 43, 1080, 111]</P>
    <P Name="ZOrder">250</P>
    <P Name="ContentPreviewEnabled">on</P>
    <P Name="PortSchema">{&quot;entries&quot;:[{&quot;content&quot;:{&quot;sides&quot;:[{&quot;content&quot;:{&quot;connectorIds&quot;:[&quot;In1&quot;,&quot;Out2&quot;]},&quot;type&quot;:&quot;ConnectorPlacement.EquallySpacedRectSide&quot;,&quot;uuid&quot;:&quot;d2a1b48e-0b7a-4274-8a7b-b9fce30bfded&quot;},{&quot;content&quot;:{&quot;connectorIds&quot;:[&quot;Out1&quot;,&quot;In2&quot;,&quot;In3&quot;],&quot;side&quot;:&quot;RIGHT&quot;},&quot;type&quot;:&quot;ConnectorPlacement.EquallySpacedRectSide&quot;,&quot;uuid&quot;:&quot;703c2424-3a4a-4f57-8096-11f8c1d27324&quot;},{&quot;content&quot;:{&quot;side&quot;:&quot;TOP&quot;},&quot;type&quot;:&quot;ConnectorPlacement.EquallySpacedRectSide&quot;,&quot;uuid&quot;:&quot;db7a7872-15b5-4367-ab72-78f604c615eb&quot;},{&quot;content&quot;:{&quot;side&quot;:&quot;BOTTOM&quot;},&quot;type&quot;:&quot;ConnectorPlacement.EquallySpacedRectSide&quot;,&quot;uuid&quot;:&quot;9424703a-0ac4-48eb-878e-9dc2ecf23458&quot;}]},&quot;type&quot;:&quot;ConnectorPlacement.EquallySpacedConnector&quot;,&quot;uuid&quot;:&quot;032bd106-566a-41c1-86c2-0fd4a1bc5877&quot;}],&quot;packageUris&quot;:[&quot;http://schema.mathworks.com/mf0/Connector/R2020b&quot;],&quot;version&quot;:&quot;1.0&quot;}</P>
    <System Ref="system_118"/>
  </Block>
  <Line>
    <P Name="ZOrder">158</P>
    <P Name="Src">65#out:2</P>
    <P Name="Dst">11#in:1</P>
  </Line>
  <Line>
    <P Name="ZOrder">157</P>
    <P Name="Src">65#out:1</P>
    <P Name="Points">[-90, 0; 0, 55]</P>
    <Branch>
      <P Name="ZOrder">434</P>
      <P Name="Dst">127#in:1</P>
    </Branch>
    <Branch>
      <P Name="ZOrder">432</P>
      <P Name="Dst">190#in:1</P>
    </Branch>
  </Line>
  <Line>
    <P Name="ZOrder">366</P>
    <P Name="Src">163#out:1</P>
    <P Name="Dst">118#in:1</P>
  </Line>
  <Line>
    <P Name="ZOrder">280</P>
    <P Name="Src">118#out:2</P>
    <P Name="Dst">111#in:1</P>
  </Line>
  <Line>
    <P Name="ZOrder">309</P>
    <P Name="Src">127#out:1</P>
    <P Name="Dst">129#in:1</P>
  </Line>
  <Line>
    <P Name="ZOrder">404</P>
    <P Name="Src">180#out:1</P>
    <P Name="Dst">129#in:2</P>
  </Line>
  <Line>
    <P Name="ZOrder">315</P>
    <P Name="Src">129#out:1</P>
    <P Name="Points">[0, 31]</P>
    <Branch>
      <P Name="ZOrder">464</P>
      <P Name="Points">[-129, 0; 0, 84]</P>
      <P Name="Dst">196#in:1</P>
    </Branch>
    <Branch>
      <P Name="ZOrder">463</P>
      <P Name="Dst">131#in:1</P>
    </Branch>
  </Line>
  <Line>
    <P Name="ZOrder">316</P>
    <P Name="Src">132#out:1</P>
    <P Name="Points">[-85, 0]</P>
    <P Name="Dst">131#in:2</P>
  </Line>
  <Line>
    <P Name="ZOrder">317</P>
    <P Name="Src">131#out:1</P>
    <P Name="Dst">128#in:1</P>
  </Line>
  <Line>
    <P Name="ZOrder">321</P>
    <P Name="Src">118#out:1</P>
    <P Name="Points">[80, 0]</P>
    <P Name="Dst">134#in:1</P>
  </Line>
  <Line>
    <P Name="ZOrder">322</P>
    <P Name="Src">134#out:1</P>
    <P Name="Points">[0, -130]</P>
    <Branch>
      <P Name="ZOrder">402</P>
      <P Name="Dst">180#in:1</P>
    </Branch>
    <Branch>
      <P Name="ZOrder">367</P>
      <P Name="Dst">133#in:1</P>
    </Branch>
  </Line>
  <Line>
    <P Name="ZOrder">323</P>
    <P Name="Src">133#out:1</P>
    <P Name="Points">[0, -105]</P>
    <P Name="Dst">65#in:1</P>
  </Line>
  <Line>
    <P Name="ZOrder">401</P>
    <P Name="Src">180#out:2</P>
    <P Name="Dst">154#in:1</P>
  </Line>
  <Line>
    <P Name="ZOrder">361</P>
    <P Name="Src">157#out:1</P>
    <P Name="Dst">158#in:1</P>
  </Line>
  <Line>
    <P Name="ZOrder">365</P>
    <P Name="Src">160#out:1</P>
    <P Name="Dst">161#in:1</P>
  </Line>
  <Line>
    <P Name="ZOrder">373</P>
    <P Name="Src">165#out:1</P>
    <P Name="Dst">136#in:1</P>
  </Line>
  <Line>
    <P Name="ZOrder">374</P>
    <P Name="Src">166#out:1</P>
    <P Name="Dst">167#in:1</P>
  </Line>
  <Line>
    <P Name="ZOrder">403</P>
    <P Name="Src">169#out:1</P>
    <P Name="Dst">180#in:2</P>
  </Line>
  <Line>
    <P Name="ZOrder">377</P>
    <P Name="Src">170#out:1</P>
    <P Name="Dst">65#in:2</P>
  </Line>
  <Line>
    <P Name="ZOrder">394</P>
    <P Name="Src">176#out:1</P>
    <P Name="Dst">118#in:3</P>
  </Line>
  <Line>
    <P Name="ZOrder">400</P>
    <P Name="Src">179#out:1</P>
    <P Name="Dst">175#in:1</P>
  </Line>
  <Line>
    <P Name="ZOrder">430</P>
    <P Name="Src">189#out:1</P>
    <P Name="Dst">187#in:1</P>
  </Line>
  <Line>
    <P Name="ZOrder">318</P>
    <P Name="Src">128#out:1</P>
    <P Name="Points">[0, 30]</P>
    <Branch>
      <P Name="ZOrder">429</P>
      <P Name="Dst">118#in:2</P>
    </Branch>
    <Branch>
      <P Name="ZOrder">426</P>
      <P Name="Points">[220, 0; 0, -35]</P>
      <P Name="Dst">188#in:1</P>
    </Branch>
  </Line>
  <Line>
    <P Name="ZOrder">436</P>
    <P Name="Src">191#out:1</P>
    <P Name="Dst">193#in:1</P>
  </Line>
  <Line>
    <P Name="ZOrder">437</P>
    <P Name="Src">194#out:1</P>
    <P Name="Dst">195#in:1</P>
  </Line>
</System>
