<?xml version="1.0" encoding="utf-8"?>
<System>
  <P Name="Location">[70, 27, 1920, 1080]</P>
  <P Name="ZoomFactor">133</P>
  <Block BlockType="Inport" Name="Twz" SID="121">
    <P Name="Position">[240, 618, 270, 632]</P>
    <P Name="ZOrder">251</P>
  </Block>
  <Block BlockType="Inport" Name="Top" SID="120">
    <P Name="Position">[240, 478, 270, 492]</P>
    <P Name="ZOrder">250</P>
    <P Name="Port">2</P>
  </Block>
  <Block BlockType="Inport" Name="fmw" SID="119">
    <P Name="Position">[240, 678, 270, 692]</P>
    <P Name="ZOrder">249</P>
    <P Name="Port">3</P>
  </Block>
  <Block BlockType="Constant" Name="Constant" SID="185">
    <P Name="Position">[645, 520, 675, 550]</P>
    <P Name="ZOrder">254</P>
    <P Name="Value">fmo</P>
  </Block>
  <Block BlockType="Gain" Name="Gain" SID="105">
    <P Name="Position">[465, 337, 510, 383]</P>
    <P Name="ZOrder">237</P>
    <P Name="Gain">Kco</P>
  </Block>
  <Block BlockType="Gain" Name="Gain1" SID="107">
    <P Name="Position">[630, 457, 675, 503]</P>
    <P Name="ZOrder">239</P>
    <P Name="Gain">cpw</P>
  </Block>
  <Block BlockType="Gain" Name="Gain2" SID="110">
    <P Name="Position">[1030, 342, 1090, 398]</P>
    <P Name="ZOrder">242</P>
    <P Name="Gain">1/Cvo2</P>
  </Block>
  <Block BlockType="Gain" Name="Gain3" SID="112">
    <P Name="Position">[1030, 612, 1090, 668]</P>
    <P Name="ZOrder">244</P>
    <P Name="Gain">1/Cvo1</P>
  </Block>
  <Block BlockType="Gain" Name="Gain4" SID="113">
    <P Name="Position">[630, 597, 675, 643]</P>
    <P Name="ZOrder">245</P>
    <P Name="Gain">cpw</P>
  </Block>
  <Block BlockType="Integrator" Name="Integrator" SID="103">
    <PortCounts in="1" out="1"/>
    <P Name="Position">[1135, 355, 1165, 385]</P>
    <P Name="ZOrder">235</P>
    <P Name="InitialCondition">T_oz0</P>
  </Block>
  <Block BlockType="Integrator" Name="Integrator1" SID="104">
    <PortCounts in="1" out="1"/>
    <P Name="Position">[1135, 625, 1165, 655]</P>
    <P Name="ZOrder">236</P>
    <P Name="InitialCondition">T_wp0</P>
  </Block>
  <Block BlockType="Product" Name="Product" SID="108">
    <PortCounts in="2" out="1"/>
    <P Name="Position">[780, 472, 810, 503]</P>
    <P Name="ZOrder">240</P>
  </Block>
  <Block BlockType="Product" Name="Product1" SID="115">
    <PortCounts in="2" out="1"/>
    <P Name="Position">[780, 612, 810, 643]</P>
    <P Name="ZOrder">247</P>
  </Block>
  <Block BlockType="Sum" Name="Subtract" SID="102">
    <PortCounts in="2" out="1"/>
    <P Name="Position">[365, 342, 395, 373]</P>
    <P Name="ZOrder">234</P>
    <P Name="IconShape">rectangular</P>
    <P Name="Inputs">-+</P>
  </Block>
  <Block BlockType="Sum" Name="Subtract1" SID="106">
    <PortCounts in="2" out="1"/>
    <P Name="Position">[560, 462, 590, 493]</P>
    <P Name="ZOrder">238</P>
    <P Name="IconShape">rectangular</P>
    <P Name="Inputs">+-</P>
  </Block>
  <Block BlockType="Sum" Name="Subtract2" SID="109">
    <PortCounts in="2" out="1"/>
    <P Name="Position">[905, 352, 935, 383]</P>
    <P Name="ZOrder">241</P>
    <P Name="IconShape">rectangular</P>
    <P Name="Inputs">+-</P>
  </Block>
  <Block BlockType="Sum" Name="Subtract3" SID="114">
    <PortCounts in="2" out="1"/>
    <P Name="Position">[895, 622, 925, 653]</P>
    <P Name="ZOrder">246</P>
    <P Name="IconShape">rectangular</P>
    <P Name="Inputs">+-</P>
  </Block>
  <Block BlockType="Sum" Name="Subtract4" SID="116">
    <PortCounts in="2" out="1"/>
    <P Name="Position">[560, 602, 590, 633]</P>
    <P Name="ZOrder">248</P>
    <P Name="IconShape">rectangular</P>
    <P Name="Inputs">-+</P>
  </Block>
  <Block BlockType="Outport" Name="Toz" SID="122">
    <P Name="Position">[1265, 363, 1295, 377]</P>
    <P Name="ZOrder">252</P>
  </Block>
  <Block BlockType="Outport" Name="Twp" SID="123">
    <P Name="Position">[1265, 633, 1295, 647]</P>
    <P Name="ZOrder">253</P>
    <P Name="Port">2</P>
  </Block>
  <Line>
    <P Name="ZOrder">253</P>
    <P Name="Src">113#out:1</P>
    <P Name="Dst">115#in:1</P>
  </Line>
  <Line>
    <P Name="ZOrder">249</P>
    <P Name="Src">112#out:1</P>
    <P Name="Dst">104#in:1</P>
  </Line>
  <Line>
    <P Name="ZOrder">269</P>
    <P Name="Src">119#out:1</P>
    <P Name="Points">[465, 0; 0, -50]</P>
    <P Name="Dst">115#in:2</P>
  </Line>
  <Line>
    <P Name="ZOrder">234</P>
    <P Name="Src">108#out:1</P>
    <P Name="Points">[50, 0; 0, -115]</P>
    <P Name="Dst">109#in:2</P>
  </Line>
  <Line>
    <P Name="ZOrder">254</P>
    <P Name="Src">115#out:1</P>
    <P Name="Dst">114#in:1</P>
  </Line>
  <Line>
    <P Name="ZOrder">217</P>
    <P Name="Src">104#out:1</P>
    <P Name="Points">[11, 0]</P>
    <Branch>
      <P Name="ZOrder">273</P>
      <P Name="Dst">123#in:1</P>
    </Branch>
    <Branch>
      <P Name="ZOrder">250</P>
      <P Name="Points">[0, -71; -840, 0]</P>
      <Branch>
        <P Name="ZOrder">258</P>
        <P Name="Points">[0, -204]</P>
        <P Name="Dst">102#in:2</P>
      </Branch>
      <Branch>
        <P Name="ZOrder">257</P>
        <P Name="Points">[0, 41]</P>
        <P Name="Dst">116#in:1</P>
      </Branch>
    </Branch>
  </Line>
  <Line>
    <P Name="ZOrder">236</P>
    <P Name="Src">110#out:1</P>
    <P Name="Dst">103#in:1</P>
  </Line>
  <Line>
    <P Name="ZOrder">255</P>
    <P Name="Src">116#out:1</P>
    <P Name="Dst">113#in:1</P>
  </Line>
  <Line>
    <P Name="ZOrder">233</P>
    <P Name="Src">105#out:1</P>
    <P Name="Points">[317, 0]</P>
    <Branch>
      <P Name="ZOrder">261</P>
      <P Name="Points">[0, 285]</P>
      <P Name="Dst">114#in:2</P>
    </Branch>
    <Branch>
      <P Name="ZOrder">260</P>
      <P Name="Dst">109#in:1</P>
    </Branch>
  </Line>
  <Line>
    <P Name="ZOrder">270</P>
    <P Name="Src">120#out:1</P>
    <P Name="Dst">106#in:2</P>
  </Line>
  <Line>
    <P Name="ZOrder">251</P>
    <P Name="Src">114#out:1</P>
    <P Name="Dst">112#in:1</P>
  </Line>
  <Line>
    <P Name="ZOrder">222</P>
    <P Name="Src">102#out:1</P>
    <P Name="Dst">105#in:1</P>
  </Line>
  <Line>
    <P Name="ZOrder">228</P>
    <P Name="Src">107#out:1</P>
    <P Name="Dst">108#in:1</P>
  </Line>
  <Line>
    <P Name="ZOrder">271</P>
    <P Name="Src">121#out:1</P>
    <P Name="Dst">116#in:2</P>
  </Line>
  <Line>
    <P Name="ZOrder">235</P>
    <P Name="Src">109#out:1</P>
    <P Name="Dst">110#in:1</P>
  </Line>
  <Line>
    <P Name="ZOrder">227</P>
    <P Name="Src">106#out:1</P>
    <P Name="Dst">107#in:1</P>
  </Line>
  <Line>
    <P Name="ZOrder">301</P>
    <P Name="Src">185#out:1</P>
    <P Name="Points">[48, 0; 0, -40]</P>
    <P Name="Dst">108#in:2</P>
  </Line>
  <Line>
    <P Name="ZOrder">214</P>
    <P Name="Src">103#out:1</P>
    <P Name="Points">[19, 0]</P>
    <Branch>
      <P Name="ZOrder">272</P>
      <P Name="Dst">122#in:1</P>
    </Branch>
    <Branch>
      <P Name="ZOrder">238</P>
      <P Name="Points">[0, -75; -657, 0]</P>
      <Branch>
        <P Name="ZOrder">308</P>
        <P Name="Points">[0, 175]</P>
        <P Name="Dst">106#in:1</P>
      </Branch>
      <Branch>
        <P Name="ZOrder">307</P>
        <P Name="Points">[-191, 0; 0, 55]</P>
        <P Name="Dst">102#in:1</P>
      </Branch>
    </Branch>
  </Line>
</System>
